codigo,arquivo,origem_arquivo,largura_px,altura_px,bytes,sha256,status
IMG-001,IMG-001.jpeg,02F02300-D939-4619-BCC2-25BC776542BD.jpeg,1448,1086,475722,0c207f5603f062560448e7c4325703fb665cc68c42c0e9518836ae9c1f347e3a,recebida_da_autora_pendente_catalogacao_editorial
IMG-002,IMG-002.jpeg,04DE948A-241A-4208-BFE6-D884A937887C.jpeg,1055,1491,445513,6c602e79d57e0664cc31a8c9eab4fdddcd7627fe46c0054616bce314bc5c27c3,recebida_da_autora_pendente_catalogacao_editorial
IMG-003,IMG-003.jpeg,0579A2EE-9153-4C8A-99A6-DD6263D055AA.jpeg,1024,1536,295129,0da86f44ebc01793c6239b7e63c722dc43a70fa4273d36743e5c1ba3183d81eb,recebida_da_autora_pendente_catalogacao_editorial
IMG-004,IMG-004.jpeg,07275DE4-C2D5-40A5-AABE-AA622D1911CC.jpeg,1055,1491,392221,658ebd3e17cf2d0c0aceb36e5e5eb3a348d2082edf94899d19aa393b99b7aa49,recebida_da_autora_pendente_catalogacao_editorial
IMG-005,IMG-005.jpeg,0A88FEAE-D8BD-4402-8488-8EF3C7DCA75D.jpeg,1122,1402,400584,d982b7d78181e93f741e5e8cd58c6fcb78887a4de20666ce2c8846c37ad3ffa9,recebida_da_autora_pendente_catalogacao_editorial
IMG-006,IMG-006.jpeg,0B2B3ECC-F79C-4232-9E06-6F4DA2BE4418.jpeg,1491,1055,280400,b96f476f39463382f1a3f2296e417d5bde32947949f94729a32e0b40d4569948,recebida_da_autora_pendente_catalogacao_editorial
IMG-007,IMG-007.jpeg,0B807600-8585-4433-AA7B-3CFB8C75FE59.jpeg,1055,1491,389364,ab0a3295e553c79c3f0bd873609c172068bcecfd1e8570b72d0e838ea9b96209,recebida_da_autora_pendente_catalogacao_editorial
IMG-008,IMG-008.jpeg,1278577E-9F97-4161-88A2-5731667F9EFE.jpeg,1055,1491,474972,b883cdcc264dab483bf0066c90d81bc6f188ae2bc8d4c030391509b492819ad4,recebida_da_autora_pendente_catalogacao_editorial
IMG-009,IMG-009.jpeg,13C57FF1-D3A3-49E0-B223-89C57830993A.jpeg,1122,1402,332893,dba1bcf398f1a13c5e89e7e87a3dfa968e0a4c52501b6096f893597056110b8a,recebida_da_autora_pendente_catalogacao_editorial
IMG-010,IMG-010.jpeg,1682A10C-01D4-490B-BD60-E2F1590D2F6A.jpeg,1024,1536,462616,d425f21f194c95e11053bdce48c9b90bce398def01ed2be874ea748d4ef7d065,recebida_da_autora_pendente_catalogacao_editorial
IMG-011,IMG-011.jpeg,17ADBCAC-A260-4DD4-9799-EA25FA0A121B.jpeg,1122,1402,419652,455572b85ab798ce6fad225b83fd111df7fb090cfefef9a6fa76a5597d25ca74,recebida_da_autora_pendente_catalogacao_editorial
IMG-012,IMG-012.jpeg,1DD964EB-E47F-4449-A7B1-4DEDD324713E.jpeg,1024,1536,392332,4d345152541b36af99cd1ff38d3d5ee81c85289d008f4e7a9ef3da23798f6da2,recebida_da_autora_pendente_catalogacao_editorial
IMG-013,IMG-013.jpeg,1DDB2B55-5A2B-414D-8429-7E65F159CA50.jpeg,1491,1055,442997,8b0e6d5d0ce98a568152ae75ed163ab79228f57b4a550a1520c390507ea4e510,recebida_da_autora_pendente_catalogacao_editorial
IMG-014,IMG-014.jpeg,1EBF563B-3EE2-4652-94AC-AF5A55C5C7EE.jpeg,1491,1055,386167,59fbcc332d45c48f9f72c5ca2f9433dd8efdc7dd0645aa613878bc92add8a119,recebida_da_autora_pendente_catalogacao_editorial
IMG-015,IMG-015.jpeg,23708C9C-2E78-4D57-BFCB-9768B811D9F4.jpeg,1491,1055,363149,553a85177cd7d569ff958b8a8581254bd73bceb12d52abbe72984a8e4b81f304,recebida_da_autora_pendente_catalogacao_editorial
IMG-016,IMG-016.jpeg,23BA5BD5-7CC9-463C-B3C2-4D8DCD5CD6EA.jpeg,1491,1055,336981,21176a2bccd5a05159871945e58eacac21b7edcdc722665efbcc15f54d212419,recebida_da_autora_pendente_catalogacao_editorial
IMG-017,IMG-017.jpeg,27EE4A66-9CA5-46AE-884C-C95725AB349F.jpeg,1055,1491,363727,d1ee9b53dec6062da5d28bf257e543783eefc9c540f3b0b956d872aa03f1105a,recebida_da_autora_pendente_catalogacao_editorial
IMG-018,IMG-018.jpeg,2B2C9D30-7962-4AA6-AC36-03373C8EDBB4.jpeg,1448,1086,364426,052ef0b18cad6e03978c6df327b028ece962cf23ad6f7a94e85e465daeb02f65,recebida_da_autora_pendente_catalogacao_editorial
IMG-019,IMG-019.jpeg,2B440C1B-867F-477F-A5BC-4ABB9C5FA587.jpeg,1055,1491,529084,6f515069006368ad546ecbf90eaf7db3f0a7f66519d2a72493cd41126ab64bf9,recebida_da_autora_pendente_catalogacao_editorial
IMG-020,IMG-020.jpeg,2CB34CE5-5BF5-44C5-B4C3-2AC1E39AB781.jpeg,1290,2001,615460,17707114f62aab677d9fcd57a8088f2b27b66c8bacc2e62011083a095c42a132,recebida_da_autora_pendente_catalogacao_editorial
IMG-021,IMG-021.jpeg,2E5C70B2-9CA5-46BE-AE15-D353BFD3DC7C.jpeg,709,1536,301592,c9de3427087fa51492e747be9eb615f323c085953c66e16259750293406782d6,recebida_da_autora_pendente_catalogacao_editorial
IMG-022,IMG-022.jpeg,2E69BB5C-3AF5-4FAF-B822-7317E4153FA6.jpeg,1055,1491,437410,089fb6b43fa0644d7bc18a127430fce9d27d3175f1501960580095985d3119df,recebida_da_autora_pendente_catalogacao_editorial
IMG-023,IMG-023.jpeg,30A06D6F-7DD4-4C26-8F76-5C3D4156800D.jpeg,1055,1491,410052,cdcec9af154a85c00ed219c1c34889b910f26caeaac2cdcb43da2700a3a0e13d,recebida_da_autora_pendente_catalogacao_editorial
IMG-024,IMG-024.jpeg,328DB266-CEBD-4DBC-8AA7-0FCFCA817C42.jpeg,1290,2400,882577,f8877b9956c026743c1fe0d8742797dbb0d0eea618122a4e641a9c43c37d8fc2,recebida_da_autora_pendente_catalogacao_editorial
IMG-025,IMG-025.jpeg,39D25C8B-75E6-4652-AFFA-DDD662BB7F1C.jpeg,1536,1033,454971,23a9ef2ff1c25e9c067015c175d9a59e847151fc6a35104407452b363c9280b9,recebida_da_autora_pendente_catalogacao_editorial
IMG-026,IMG-026.jpeg,3BDD90C0-9A86-4E51-81BA-C5C11C2209F2.jpeg,1024,1536,340745,b8d500941e8b3c08d6d5600b255ceaac9cf2a96366c9289fd0e9883acc50a2aa,recebida_da_autora_pendente_catalogacao_editorial
IMG-027,IMG-027.jpeg,404EC9A9-1B01-4073-8AA6-BF593B2F7F2A.jpeg,1055,1491,405423,ce5a17e04ddfd1694cd7cc40b92ca1193fa4ffb2157a22a10c226b59295834b0,recebida_da_autora_pendente_catalogacao_editorial
IMG-028,IMG-028.jpeg,44BF856B-D552-42A8-8CED-852DA5672992.jpeg,1055,1491,484294,853e73d715d8a334b4f0705e28996abf37c17e3e2656f0fa7bc4cfcdc2ac1449,recebida_da_autora_pendente_catalogacao_editorial
IMG-029,IMG-029.jpeg,45F73370-070C-4D8B-B7DF-1A837363D7C0.jpeg,1122,1402,367311,b75e9e8d61ef85f23e6ecdb38835d8e9288abaa5f415166ec2b8b94b8b8dde23,recebida_da_autora_pendente_catalogacao_editorial
IMG-030,IMG-030.jpeg,47AD78A9-915D-41AD-A7A3-4D5D7AE269FE.jpeg,1055,1491,381226,e497e08d2b0bbcac48d76c89b6789ab37271a91b0b31150298b5b1b8ad9aeaee,recebida_da_autora_pendente_catalogacao_editorial
IMG-031,IMG-031.jpeg,48D2C7FC-B066-48E8-91A2-BA74E19442E1.jpeg,1055,1491,489400,7b3916c9e3a7831bfa0d5688a018f10f07c5d23547dc6eedadbb6728d968bf78,recebida_da_autora_pendente_catalogacao_editorial
IMG-032,IMG-032.jpeg,50527633-0C53-4CD9-A06D-E75F1B7420F8.jpeg,1055,1491,489386,9187453c8818911f2816317cd1f084d03aa0fdf2bb69ce4c3a3e09cccc230032,recebida_da_autora_pendente_catalogacao_editorial
IMG-033,IMG-033.jpeg,55E30FF5-48F7-47CD-9627-8A6B179DBE7D.jpeg,1122,1402,367943,33f32c69940d533101d012696d3f422b9d694fe39179fd338939b64be1b1d610,recebida_da_autora_pendente_catalogacao_editorial
IMG-034,IMG-034.jpeg,56CCA018-AE5C-4DC6-821B-5B0BE42875C6.jpeg,1055,1491,506565,4e000b198478ca210ecf33ad828ae84aab7e0fc4e05efad02ed2cc298c40f95b,recebida_da_autora_pendente_catalogacao_editorial
IMG-035,IMG-035.jpeg,5829D684-9812-4AA1-ABCA-A41D04BC2C79.jpeg,1448,1086,390583,3d840846f6818975b272cf47706354e5bbad4660b00150a7c37f29def91b90ff,recebida_da_autora_pendente_catalogacao_editorial
IMG-036,IMG-036.jpeg,5B94B19E-80A3-481E-AB5F-7234EE89FC91.jpeg,1491,1055,519050,830ce64b78eea3ea09f61f923519574f18a8ad53bbc05f82075a036faa173fba,recebida_da_autora_pendente_catalogacao_editorial
IMG-037,IMG-037.jpeg,5D2C2E77-4369-4B92-8B9F-9AD91B54CA6A.jpeg,1024,1536,799367,8876d7ef585fad167b37151f54370aa3490a58c17f60a451943efd047513205c,recebida_da_autora_pendente_catalogacao_editorial
IMG-038,IMG-038.jpeg,5D501A3F-1977-43FA-AA64-CD7AE6DD9A59.jpeg,711,630,54924,0332bd7adde746092fd3a5a91009815a257e1f4ebd277214c59f28e11d118782,recebida_da_autora_pendente_catalogacao_editorial
IMG-039,IMG-039.jpeg,5FB486A8-A647-48E4-9A77-57BAFC9CBB96.jpeg,1055,1491,437580,4d3898a7322410144c0d881394c68f05eb3e1d065a26ab4a21a4ed87ed0e9117,recebida_da_autora_pendente_catalogacao_editorial
IMG-040,IMG-040.jpeg,6417B3D9-FD90-4735-9EEB-D21FA0D0970D.jpeg,1448,1086,347301,efbab33db96f7828e4217ea2cbe0d05236055b416cdf80d3a2e5d1c07e7649d1,recebida_da_autora_pendente_catalogacao_editorial
IMG-041,IMG-041.jpeg,6850F9E6-738A-4E54-A390-67CDD375778A.jpeg,1055,1491,388536,57ed2f17870ca748ed626912edfa3fcd28640bf828c3401709517462fd631467,recebida_da_autora_pendente_catalogacao_editorial
IMG-042,IMG-042.jpeg,6A5C097C-AA90-4A91-97DF-54A9BE7DF68B.jpeg,1086,1448,385388,6654a2e79ce7fa000f4e1f6a9012bd1aa8a5342e07e49d14dbd3f37a810ae48c,recebida_da_autora_pendente_catalogacao_editorial
IMG-043,IMG-043.jpeg,6C88F0E9-098F-4F81-ABB4-82CE77A64BA5.jpeg,1055,1491,395259,cb65cfc7c06fe2cffd2f4b4d731b609d4b0d00d4ba001a0bd2acb4088fd26d4b,recebida_da_autora_pendente_catalogacao_editorial
IMG-044,IMG-044.jpeg,6FEB4880-EE31-48B7-B4CC-D729FAE43BB0.jpeg,1024,1536,426980,6eada078bb4bf086c408dd737a81d2b46e4f1d87da579a0090d4addca97d9ab3,recebida_da_autora_pendente_catalogacao_editorial
IMG-045,IMG-045.jpeg,729E9C74-EB2D-4604-A260-6B85ACECCCD2.jpeg,1122,1402,282991,92e97526d34d9da27adce8ce778caace3e8cb94cae2efeeb7c6a410066a8cea2,recebida_da_autora_pendente_catalogacao_editorial
IMG-046,IMG-046.jpeg,73B02C57-939F-4859-B60A-5CC6143FF75A.jpeg,1055,1491,557661,52c47832c1deaf8958ab6e041bdd58e90bdb8769ba51e724750edc919ba083ce,recebida_da_autora_pendente_catalogacao_editorial
IMG-047,IMG-047.jpeg,74929199-B2CC-4238-9C3A-E4D6BDAECECA.jpeg,1122,1402,346745,466ed9821155eb2d2f07a567e438b59ee1812b64ee181505a89fa0751c748d3d,recebida_da_autora_pendente_catalogacao_editorial
IMG-048,IMG-048.jpeg,78F246F2-B1F8-4559-AA83-8E5B37E5170B.jpeg,1055,1491,292749,cc862a6b1a25272063e33bd746e1699271af425f226aa22f1390d08784888c26,recebida_da_autora_pendente_catalogacao_editorial
IMG-049,IMG-049.jpeg,79C859D9-4609-41B3-B74C-D563B88DD2D0.jpeg,1055,1491,457560,2a2acf0b4f476508fdf2a2c76155149bedbfc499b3385ab2dd847ac19c50567c,recebida_da_autora_pendente_catalogacao_editorial
IMG-050,IMG-050.jpeg,7FD8CDBA-982F-434F-97BC-AA91EF389ED8.jpeg,1055,1491,518934,cba333d1f0a03b7fed3d76d8a982930133660868c8939cb06ab9edbd8c7153b9,recebida_da_autora_pendente_catalogacao_editorial
IMG-051,IMG-051.jpeg,808D4F81-CFA9-47BF-B52F-FCBE7A98F139.jpeg,1491,1055,301743,7641c83a04cece1bcc2981718d49426353aced6d6554d8353fde6057e761960e,recebida_da_autora_pendente_catalogacao_editorial
IMG-052,IMG-052.jpeg,8206F391-2958-4795-B7FE-8FD0E340B80A.jpeg,1448,1086,408712,e8883dedd92aa4ae15e85976ef24d6eaa6a513f79359df474095e5eb387b645d,recebida_da_autora_pendente_catalogacao_editorial
IMG-053,IMG-053.jpeg,880701EE-0FCA-47EC-A31C-FB1CE7E815A9.jpeg,1055,1491,343083,78dfa96fb0f5961139d33c28f16bcdfdbea70390f05ba3650311c7b06c52d309,recebida_da_autora_pendente_catalogacao_editorial
IMG-054,IMG-054.jpeg,8C186F53-D2BB-43C5-8CDF-956765767ED1.jpeg,1448,1086,340061,d37f2204c40ac02abfe1c1772702366c50fd152a7a7dce1141a9dbecd724b943,recebida_da_autora_pendente_catalogacao_editorial
IMG-055,IMG-055.jpeg,8DFC3CD2-CA36-4E7E-8A74-CB8538A8B0C1.jpeg,1536,1024,465688,f8bd3bd791a82eb12abe2d7d86bb4606437ae4835a3e3cd80d2ed1afb26a967c,recebida_da_autora_pendente_catalogacao_editorial
IMG-056,IMG-056.jpeg,96290B29-5624-4376-BCF4-3D9DA3AD54E3.jpeg,1055,1491,377338,3d876b82b24cbaeea3eb259401667a8c8c8d64de26bb1a62baebba2517b43f60,recebida_da_autora_pendente_catalogacao_editorial
IMG-057,IMG-057.jpeg,96FCA0B6-F86E-431F-8AD3-B88B6797FF07.jpeg,1055,1491,388189,88afaab4eba906047e0ef03d41e2d6a971ed94dfcac60bd20082b4a3450a8569,recebida_da_autora_pendente_catalogacao_editorial
IMG-058,IMG-058.jpeg,994A2B0A-CBBD-4E5E-A162-48AE6BECCB31.jpeg,1055,1491,303475,151dcc36ad4fc2f693e36e6c5d1bb5eeb2a110a6af670d9ef37f377d7c6f0be6,recebida_da_autora_pendente_catalogacao_editorial
IMG-059,IMG-059.jpeg,9F012B8A-5974-458F-9FFA-F992C26F2485.jpeg,1448,1086,457750,e1a50f85cd20cb4206461a0e2471f27f140f17c0e27b0d3cd8d99d949869d981,recebida_da_autora_pendente_catalogacao_editorial
IMG-060,IMG-060.jpeg,A60C078B-1373-40B7-BB01-34CD882D3D6D.jpeg,1055,1491,408939,2c319489aa4b9fd0f9009ff73fc6d1bf07aba6bb9a18a1e7039fa4475f0c01f7,recebida_da_autora_pendente_catalogacao_editorial
IMG-061,IMG-061.jpeg,A63E3A9F-AFCD-4113-928B-979AE1AE8034.jpeg,1055,1491,349946,7df5031105a6f6cee1503a06c26d1d0f1d1733619c212205bc9ddb313471327f,recebida_da_autora_pendente_catalogacao_editorial
IMG-062,IMG-062.jpeg,A88A1533-EAF4-4E54-9223-DBE66FDBC26A.jpeg,1055,1491,461887,e4d183f408870ff5328ee15ec34e1cb5ae75c7f0dba929d8871c72da08950cd5,recebida_da_autora_pendente_catalogacao_editorial
IMG-063,IMG-063.jpeg,AA325370-E056-4030-9F16-E437B563422C.jpeg,1086,1448,491595,1aebe5d612f67b7e11491607f283f1c0b7a8e9fb8d128c5857a66b87f6eac7f0,recebida_da_autora_pendente_catalogacao_editorial
IMG-064,IMG-064.jpeg,B025C14A-8564-4697-A861-E1D79A812570.jpeg,1276,2304,628925,c60c02b2c8e5719fba56da7e288aea0cd0778e7ee666033925677fac1bebb27a,recebida_da_autora_pendente_catalogacao_editorial
IMG-065,IMG-065.jpeg,B57498D7-69AD-44F1-B6D3-4935AE298D21.jpeg,1055,1491,377003,62b4b67a7ae1b7e03e71e38e1dce4d9101cb9326c52a107c5b195ff6597e6b30,recebida_da_autora_pendente_catalogacao_editorial
IMG-066,IMG-066.jpeg,B71334BE-A310-49F9-B000-95D5F97BF7C0.jpeg,1055,1491,465634,1dc5cd7f456047bdbcd6a702dcf984ace03bb42599c55a7d96eb37633dbc0bd5,recebida_da_autora_pendente_catalogacao_editorial
IMG-067,IMG-067.jpeg,BCF101B5-DACE-4A7F-8630-CBB41495935C.jpeg,1055,1491,399553,46ebbc1dcf152592acd69a27e7a5c729e2477e77d6723006c813b5e607f622a0,recebida_da_autora_pendente_catalogacao_editorial
IMG-068,IMG-068.jpeg,BDD13FC2-4529-4A94-AB0B-2272F0BCA2F5.jpeg,1055,1491,489842,d1f90e3521c30fc50f2f8461a2c314d9a96f96a4eef61d2c0a177228d010bfd4,recebida_da_autora_pendente_catalogacao_editorial
IMG-069,IMG-069.jpeg,C33AA3F0-CD02-4A2B-A413-87900006DFC9.jpeg,1055,1491,503550,98c9821d9bbb70180f1740358e81329d1926e51f8b04e4cc63314caf130c5edd,recebida_da_autora_pendente_catalogacao_editorial
IMG-070,IMG-070.jpeg,C9B29EE1-82AD-489B-81A8-F60B34353F53.jpeg,1055,1491,329808,14763f86aae3714839250c9ebbd49282554446211e4a4f7519801f67f929fe67,recebida_da_autora_pendente_catalogacao_editorial
IMG-071,IMG-071.jpeg,E24CDB00-02BE-49D5-B7E7-4B1B3344BF2A.jpeg,1024,1536,450401,a8781536c3360b4a525e6b3f5814197c387dd996d07e2fbf7f92e012492858b1,recebida_da_autora_pendente_catalogacao_editorial
IMG-072,IMG-072.jpeg,E6B7890A-28B4-45D5-BBE1-F6476C03F5E0.jpeg,1055,1491,550268,05f3eaf272a9e63c399c300221b35a9a83ccf9bf2378e5fdf074161da210c1c5,recebida_da_autora_pendente_catalogacao_editorial
IMG-073,IMG-073.jpeg,F9DD4E23-779F-4612-8CFD-EC0B9C9D5186.jpeg,1290,2307,508737,16a067d9dab16b6678e3e812fd08cdc1ec91fa2a4a37bee0e162cfb5623cb8ec,recebida_da_autora_pendente_catalogacao_editorial
